Parameter	Value
DT1	0.383403
DT2	0.648176
DT3	3.19E-02
DT4	0.581168
DT5	1.1507
DT6	0.843004
Bs1	0.916555
Bs2	0.898772
Bs3	1.29123
Bs4	1.33199
Bs5	0.699074
Bs6	0.537116
FAC1_gam	0.394732
FAC2_gam	0.55092
FAC3_gam	0.387365
FAC4_gam	0.436819
FAC5_gam	0.405553
FAC6_gam	1.26131
FAC1_beta	0.846509
FAC2_beta	0.180725
FAC3_beta	2.26596
FAC4_beta	1.28211
FAC5_beta	1.6229
FAC6_beta	2.42297
